epoch,train_loss,val_loss,train_accuracy,train_precision,train_recall,train_f1_score,val_accuracy,val_precision,val_recall,val_f1_score
1,1.000430688929202,1.0848385632038116,0.5099243856332704,0.5088497769169432,0.5080338787372553,0.5030786389962704,0.497787610619469,0.6043724279835391,0.48783019083653917,0.45371203580158803
